Wall time,Step,Value
1767440740.6429398,500485,-57.2679557800293
1767440753.252783,501763,-194.7024688720703
1767440759.1540203,502366,-221.5693359375
1767440778.1968203,504071,-645.2484130859375
1767440779.751773,504237,-295.7895812988281
1767440783.0486612,504567,-18.343494415283203
1767440789.355851,505206,-466.03717041015625
1767440793.2477372,505532,-42.0842170715332
1767440810.6397572,507289,-456.7669982910156
1767440814.2361462,507675,-222.365234375
1767440841.928768,509912,-193.39767456054688
1767440850.0088072,510760,-200.69540405273438
1767440855.230066,511157,-76.96062469482422
1767440878.7700624,513172,-72.89371490478516
1767440896.0086713,514509,-27.638195037841797
1767440913.2373934,516051,-54.8697509765625
1767440917.5891147,516382,-309.2300720214844
1767440928.849688,517236,-192.26747131347656
1767440942.4758108,518500,-327.2392578125
1767440948.6958203,519009,-261.6725158691406
1767440950.7273638,519179,-97.94780731201172
1767440952.3692038,519306,-85.60985565185547
1767440957.6981368,519711,-111.48394012451172
1767440977.618001,521448,-415.8160705566406
1767441008.2782032,524064,-275.9909973144531
1767441012.7196472,524490,-82.29752349853516
1767441032.923071,526256,-247.12765502929688
1767441037.3849802,526736,-158.2879180908203
1767441042.6885152,527161,-136.41915893554688
1767441052.4920948,527912,-66.67784118652344
1767441056.67909,528382,-263.5894470214844
1767441058.8614113,528592,-112.15803527832031
1767441090.6365442,531147,-5.636305809020996
1767441110.3475351,532787,-237.02618408203125
1767441113.3998177,533061,-22.928884506225586
1767441124.560482,534063,-91.95429229736328
1767441143.5484145,535535,-148.1669158935547
1767441152.7494895,536478,-164.36904907226562
1767441164.4559913,537412,-230.34214782714844
1767441188.1176589,539395,-90.16050720214844
1767441193.155206,539771,-410.3152770996094
1767441273.6256862,546291,-91.6228256225586
1767441275.7187183,546446,-132.30853271484375
1767441297.5471203,548237,-82.34408569335938
1767441300.6188076,548472,-112.98329162597656
1767441304.117686,548730,-82.74787139892578
1767441324.5521846,550346,-171.4059295654297
1767441327.093463,550618,-11.59164047241211
1767441327.9892619,550703,-106.03688049316406
1767441343.350626,551871,-354.67510986328125
1767441368.3521905,553956,-366.6527099609375
1767441371.3414743,554183,-25.317668914794922
1767441402.3985324,556772,-176.1995391845703
1767441406.556725,557087,-239.90847778320312
1767441424.4144037,558699,-15.828899383544922
1767441432.4613695,559312,-14.084700584411621
1767441469.311903,562337,-394.2867431640625
1767441482.5933325,563585,-117.40585327148438
1767441491.0267386,564234,-114.03805541992188
1767441493.2931602,564405,-97.95535278320312
1767441499.2688878,564860,-356.7662048339844
1767441500.806076,564976,-107.05024719238281
1767441521.073271,566753,-72.79244232177734
1767441541.8384233,568569,-258.23992919921875
1767441546.464729,568919,-374.14886474609375
1767441560.3907247,569981,-133.2154998779297
1767441566.9527216,570647,-180.8514404296875
1767441567.9620547,570754,-476.6383972167969
1767441569.4755948,570897,-174.78866577148438
1767441575.1506512,571332,-284.32574462890625
1767441578.5411375,571589,-270.9614562988281
1767441596.5826676,573135,-164.7170867919922
1767441612.04602,574368,-306.1688537597656
1767441626.6605253,575650,-323.1390686035156
1767441631.3439267,576082,-173.03640747070312
1767441669.9847515,579270,-271.6936340332031
1767441675.100724,579659,-352.71246337890625
1767441679.5826035,580000,-22.152082443237305
1767441680.8172853,580093,-278.6565246582031
1767441686.8908117,580735,-201.6097869873047
1767441698.0884,581656,-138.9917755126953
1767441703.1373458,582042,-153.27200317382812
1767441709.2296321,582506,-195.10507202148438
1767441715.3399875,583088,-173.3748779296875
1767441718.3641043,583420,-233.66217041015625
1767441731.463985,584438,-123.56370544433594
1767441737.7911994,584915,-694.1317138671875
1767441740.2135334,585097,-41.54928970336914
1767441742.986361,585335,-255.8984832763672
1767441749.1329403,586016,-103.74903106689453
1767441759.2714288,586796,-133.39927673339844
1767441763.946263,587153,-347.5550842285156
1767441771.6539023,587741,-147.9755859375
1767441773.2625833,587900,-117.48638153076172
1767441778.9449117,588528,-127.88056182861328
1767441783.900492,588916,7.273048400878906
1767441796.0005383,589835,-277.8155517578125
1767441797.3396215,589927,-274.26483154296875
1767441831.0760548,592732,-91.42955017089844
1767441836.113488,593257,-192.04476928710938
1767441881.0357118,597007,-150.2461395263672
1767441891.929423,597846,-357.8935241699219
1767441900.8378696,598771,-30.185760498046875
1767441923.8515923,600263,-123.07383728027344
1767441927.2894275,600663,-184.98167419433594
1767441937.8636334,601525,-84.10060119628906
1767441941.6375542,601815,-17.349668502807617
1767441951.095737,602536,-306.8202819824219
1767441954.2611628,602838,6.212092876434326
1767441977.7534034,604812,-49.31376266479492
1767441978.8610997,604897,-274.5111083984375
1767441989.6274683,605973,-136.73179626464844
1767441993.013684,606237,-271.9900817871094
1767442005.5141826,607192,-420.06427001953125
1767442011.8603625,607678,-119.25697326660156
1767442016.3883808,608191,-81.36211395263672
1767442028.9781709,609235,-72.10919189453125
1767442029.705999,609290,-119.91097259521484
1767442038.5752606,609970,22.871854782104492
1767442039.984533,610078,-41.10319900512695
1767442044.4163086,610497,-234.49220275878906
1767442066.4734995,612335,-218.54856872558594
1767442074.440979,613032,-27.87013053894043
1767442077.3433719,613369,-409.17376708984375
1767442090.2772918,614408,-220.58152770996094
1767442106.9711304,615870,-57.297054290771484
1767442130.0977201,617694,-142.2748565673828
1767442143.0622513,618933,-471.10894775390625
1767442154.3302953,619800,-20.863733291625977
1767442157.2053444,620021,-187.3697967529297
1767442159.7512126,620218,-209.98004150390625
1767442163.9499702,620608,-161.93052673339844
1767442169.0741436,621164,-37.17106628417969
1767442175.4098864,621652,-158.7434844970703
1767442190.8204062,622839,-76.04463958740234
1767442195.4479487,623319,-224.13693237304688
1767442200.2002888,623792,-73.82573699951172
1767442213.5822568,624820,-79.5243148803711
1767442219.1989722,625247,-130.4171600341797
1767442259.6339526,628760,-254.1883544921875
1767442265.9331958,629241,-249.03038024902344
1767442267.348402,629346,-98.8908462524414
1767442268.611906,629443,-161.09693908691406
1767442296.6600995,631811,-285.2943420410156
1767442316.2031796,633472,-11.237320899963379
1767442316.8322275,633539,-102.13643646240234
1767442323.0240088,634063,-123.23694610595703
1767442332.6598213,634796,-417.51171875
1767442374.6168103,638320,-55.5841064453125
1767442376.254015,638509,4.199230194091797
1767442388.8536642,639546,-242.32017517089844
1767442405.3579125,640926,-98.54219055175781
1767442407.5120559,641158,-95.26934814453125
1767442411.1077242,641472,-324.17620849609375
1767442436.43022,643579,-93.46200561523438
1767442446.2724214,644399,-10.344883918762207
1767442454.0337532,644988,-55.3946533203125
1767442460.9625409,645512,-113.57096099853516
1767442470.807849,646495,-153.438232421875
1767442478.759107,647099,-64.40763854980469
1767442482.5974581,647392,-182.55050659179688
1767442495.9847362,648558,-159.9639434814453
1767442499.523487,648926,-21.84962272644043
1767442505.1210084,649361,-21.941436767578125
1767442506.3219619,649453,-424.91693115234375
1767442579.1801548,655519,-259.7508544921875
1767442583.3716726,655879,-46.68170928955078
1767442586.0061793,656185,-148.17784118652344
1767442586.7136073,656267,-79.76062774658203
1767442613.011743,658363,-65.92613220214844
1767442626.5888038,659633,-102.22295379638672
1767442629.1530976,659829,-16.129098892211914
1767442634.3481596,660226,-343.507568359375
1767442642.3025496,660835,-310.9554443359375
1767442645.4217823,661194,-152.94534301757812
1767442676.4711628,663867,-318.4169006347656
1767442677.1414669,663943,-69.00883483886719
1767442692.3151586,665162,-26.344778060913086
1767442703.98814,666111,-41.68891143798828
1767442707.8351219,666556,-45.10634231567383
1767442711.6120627,666887,-35.04818344116211
1767442737.172621,669028,-88.65727233886719
1767442759.7417593,670832,-147.8531494140625
1767442768.1679025,671692,-4.6125359535217285
1767442817.9801192,675797,-268.5812683105469
1767442846.722454,678245,-334.4586181640625
1767442848.6728637,678395,37.84794235229492
1767442872.271835,680456,-65.41112518310547
1767442876.7001228,680795,-104.13125610351562
1767442888.811777,681951,-92.82164764404297
1767442901.5865505,682950,-337.318603515625
1767442902.3235767,683006,-86.71222686767578
1767442922.070278,684765,-160.2047576904297
1767442939.0038912,686068,-76.30768585205078
1767442945.5409365,686677,-106.48246765136719
1767442949.9903648,687143,-34.34189224243164
1767442955.7139182,687583,-66.53882598876953
1767442967.865225,688511,-190.37355041503906
1767442972.397884,688857,-418.5108337402344
1767442986.904847,690216,-41.61930465698242
1767443001.4782789,691340,2.5595946311950684
1767443010.1477287,692234,-141.47731018066406
1767443021.3718576,693096,-564.6998901367188
1767443036.7520053,694439,-325.68402099609375
1767443043.9730492,695058,-93.17420959472656
1767443045.5070727,695176,-82.72472381591797
1767443046.8099318,695274,-310.63494873046875
1767443049.0885708,695446,-194.8983154296875
1767443056.5702162,696019,-313.7457580566406
1767443064.8516781,696747,-49.0932502746582
1767443074.6960094,697640,-43.97739028930664
1767443091.0331037,698884,-184.63661193847656
1767443096.8309302,699500,-214.17315673828125
1767443100.0461724,699808,-54.05563735961914
1767443105.7345898,700252,-125.86894226074219
1767443112.317868,700753,-112.11206817626953
1767443119.4950886,701305,-80.45516204833984
1767443120.6712549,701393,-369.8214111328125
1767443121.7056167,701478,-75.48503875732422
1767443148.2750187,703747,-89.57359313964844
1767443159.8327923,704837,-49.03516387939453
1767443168.1001482,705475,-48.637672424316406
1767443180.396208,706411,-590.162841796875
1767443181.9215229,706528,-31.684425354003906
1767443192.5094476,707552,-330.982177734375
1767443208.8819516,708810,-69.10884094238281
1767443227.0914624,710461,-110.2590560913086
1767443242.0236363,711605,-51.94170379638672
1767443246.7597783,712133,-434.1820373535156
1767443259.9812093,713245,-101.96974182128906
1767443265.3121693,713649,-334.53265380859375
1767443277.2170854,714744,-186.316162109375
1767443295.770014,716233,9.86175537109375
1767443299.5307333,716520,-103.66156768798828
1767443306.1195087,717157,-107.89066314697266
1767443308.124942,717364,4.3152337074279785
1767443355.6901522,721243,-97.83476257324219
1767443365.5351562,722090,-105.40286254882812
1767443393.2651832,724321,-35.60497283935547
1767443394.6467888,724483,-78.98360443115234
1767443397.751946,724842,-268.998046875
1767443405.9760172,725519,-81.68736267089844
1767443413.56383,726099,-71.80984497070312
1767443415.6005435,726252,-578.960693359375
1767443440.8149993,728428,-170.31787109375
1767443459.0706937,730045,-214.44300842285156
1767443461.8083138,730271,-106.45993041992188
1767443488.083664,732477,-49.01934051513672
1767443492.9581716,732884,-36.32042694091797
1767443504.6213045,733777,-76.48668670654297
1767443532.4953403,736137,-205.9427032470703
1767443544.019826,737062,-26.08190155029297
1767443585.3667607,740634,-156.9691162109375
1767443603.8417702,742088,-173.62844848632812
1767443604.8040686,742201,-102.45758056640625
1767443607.6313531,742519,1.412858486175537
1767443610.0774324,742748,-85.99098205566406
1767443613.4656,743009,-64.8518295288086
1767443617.449627,743312,-53.98828887939453
1767443625.209862,743904,-100.17536163330078
1767443632.1966581,744439,-288.3913269042969
1767443643.8583043,745509,-48.91632843017578
1767443646.420594,745704,-6.317823886871338
1767443673.6523564,748011,-264.267578125
1767443739.09319,753473,-264.3409423828125
1767443747.105983,754093,-177.16249084472656
1767443749.6209645,754284,-168.97525024414062
1767443758.2674773,755149,-250.04739379882812
1767443782.4950347,757030,-48.081302642822266
1767443793.3776853,758090,-240.5932159423828
1767443803.4872983,758869,12.949910163879395
1767443824.4444966,760707,-35.52634048461914
1767443830.4293387,761162,-44.51226806640625
1767443836.3633542,761620,-109.54288482666016
1767443837.852494,761733,-104.15583038330078
1767443843.223836,762162,-92.73892974853516
1767443846.7462294,762569,4.463847637176514
1767443861.0423684,763740,-56.209388732910156
1767443872.5231104,764613,-62.73340606689453
1767443893.105029,766423,-185.79905700683594
1767443914.4969065,768289,-326.4264221191406
1767443926.602757,769213,-114.647705078125
1767443928.3069363,769344,-122.33734893798828
1767443931.9936867,769625,-55.38865661621094
1767443934.977948,769936,-200.58399963378906
1767443937.301037,770203,-72.99756622314453
1767443940.2932782,770477,-7.7028326988220215
1767443943.516757,770731,-340.12139892578125
1767443957.1735783,771772,-49.070526123046875
1767443963.0527096,772230,-258.98016357421875
1767443970.0244484,772982,-48.45941162109375
1767444002.625774,775707,-36.44154357910156
1767444018.7470598,776941,-49.15699005126953
1767444028.5811088,777897,-106.36739349365234
1767444037.6146724,778612,-149.20941162109375
1767444045.6005428,779218,20.41863250732422
1767444048.0648983,779407,10.512167930603027
1767444062.7913084,780750,-80.32228088378906
1767444064.4761472,780876,-52.83369827270508
1767444094.7298694,783410,-33.61064147949219
1767444116.6484559,785248,-85.6031265258789
1767444132.654927,786549,-92.7359619140625
1767444166.615028,789364,-39.10698318481445
1767444199.7370558,792110,-297.7450256347656
1767444202.077092,792289,-47.262752532958984
1767444204.3373518,792517,8.184263229370117
1767444222.5974994,794075,-68.41387939453125
1767444229.7390478,794623,-103.24397277832031
1767444267.6324182,797887,-281.51287841796875
1767444290.775625,799700,18.293392181396484
1767444323.8671076,801982,-64.60538482666016
1767444332.9149082,802872,-59.3658332824707
1767444334.656978,802999,-292.3422546386719
1767444341.1026487,803491,-195.21006774902344
1767444344.6820495,803764,-83.74287414550781
1767444353.2924376,804434,-104.69440460205078
1767444415.9037097,809780,-253.9004669189453
1767444416.6705325,809869,-419.9966125488281
1767444439.9569602,811736,-123.79473114013672
1767444443.776632,812047,-29.77996826171875
1767444456.8307025,813251,-29.723243713378906
1767444479.8823519,815250,-20.118410110473633
1767444492.2080863,816210,-172.73951721191406
1767444507.8183198,817586,-202.0457000732422
1767444511.4559495,817916,-103.81515502929688
1767444542.2690597,820512,-71.81292724609375
1767444548.9424806,821019,-53.023109436035156
1767444552.4093766,821282,-333.8062744140625
1767444574.5523517,823205,-38.1168212890625
1767444604.6808546,825737,-346.95697021484375
1767444638.71055,828575,37.27427673339844
1767444640.1125784,828683,-91.03634643554688
1767444642.8577988,828894,-66.77772521972656
1767444661.3526921,830551,-237.71987915039062
1767444680.2749984,831991,-253.25592041015625
1767444714.8234012,834946,-298.1864929199219
1767444726.5176306,836015,-299.1216125488281
1767444729.0605266,836206,-38.5128059387207
1767444745.1850603,837513,-47.1330680847168
1767444757.7007434,838640,-70.69271087646484
1767444770.8109422,839645,-83.7557144165039
1767444779.238802,840502,11.707422256469727
1767444830.232288,844666,-348.34649658203125
1767444836.8629348,845326,-246.30902099609375
1767444850.500009,846473,-116.46517181396484
1767444857.3361006,846993,-17.076570510864258
1767444879.5747051,848944,-39.97068786621094
1767444900.4117491,850782,-230.3208770751953
1767444933.0909476,853543,-43.451786041259766
1767444955.8986502,855396,-262.4289245605469
1767444961.4603708,855968,-69.08141326904297
1767444992.2289777,858485,-220.59637451171875
1767444993.7640412,858603,-40.3326301574707
1767444997.31771,858876,-33.962249755859375
1767445056.1693773,863879,-63.62367248535156
1767445057.8824437,864011,-241.3101348876953
1767445061.489426,864283,-288.3115539550781
1767445075.4040008,865430,-28.969959259033203
1767445096.62818,867227,0.9670223593711853
1767445124.5730724,869615,-247.04730224609375
1767445135.604684,870550,-189.71336364746094
1767445139.7705326,871014,-121.41355895996094
1767445196.5167727,875762,-290.3469543457031
1767445222.9256606,877899,-83.61485290527344
1767445242.2513015,879632,-54.02855682373047
1767445261.0046637,881319,-56.5027961730957
1767445278.7886076,882679,-94.25167846679688
1767445286.7426603,883420,-125.33476257324219
1767445316.0772204,885882,-201.91920471191406
1767445318.0113509,886108,-128.0938262939453
1767445318.9874449,886209,-176.39918518066406
1767445319.9527447,886302,-283.020263671875
1767445341.0736716,887928,-103.68817901611328
1767445375.6654027,890848,15.123945236206055
1767445411.224034,893959,-18.624975204467773
1767445427.7179291,895219,-365.43328857421875
1767445475.0068994,899456,-267.68914794921875
1767445489.5137405,900999,-65.24678802490234
1767445492.5455427,901272,13.598274230957031
1767445496.8278651,901630,-159.8968048095703
1767445504.675061,902380,31.94348907470703
1767445505.7340183,902482,-248.57984924316406
1767445521.1209867,903958,-174.40821838378906
1767445526.533584,904551,-85.63928985595703
1767445536.7609646,905708,-87.50285339355469
1767445541.1589217,906139,-65.3105239868164
1767445556.5595722,907581,-30.156885147094727
1767445594.405361,910697,-156.3166961669922
1767445603.172024,911486,-113.59452819824219
1767445607.9876294,911909,-43.89311218261719
1767445640.9717925,914979,-76.1584701538086
1767445668.2269237,917687,-215.26512145996094
1767445720.5470135,922985,-91.60897064208984
1767445752.2237532,925956,-68.42733001708984
1767445758.335603,926465,-199.59828186035156
1767445770.4303606,927669,-97.63853454589844
1767445780.7691717,928696,-155.99655151367188
1767445791.642238,929690,-141.17140197753906
1767445802.144703,930435,-83.50370788574219
1767445806.6149771,930753,-38.57941818237305
1767445851.9440682,934039,-179.675048828125
1767445900.303448,937527,-163.86920166015625
1767445902.115071,937658,-111.89726257324219
1767445921.4552534,939094,-81.03321838378906
1767445928.1517887,939590,-151.0669708251953
1767445993.2568579,944434,-36.46605682373047
1767446001.956036,945070,-10.35136890411377
1767446018.5422533,946290,-40.57902145385742
1767446025.7363584,946825,-90.18772888183594
1767446027.343599,946942,-167.202392578125
1767446031.3164926,947214,-51.6575813293457
1767446033.4261746,947370,33.47370910644531
1767446085.1245697,951013,-189.40380859375
1767446092.9632456,951568,-31.749677658081055
1767446112.0996504,952957,-217.17706298828125
1767446123.5805445,953775,-176.2523956298828
1767446192.8424315,958673,-115.97947692871094
1767446209.1591575,959951,-27.683446884155273
1767446254.7165337,963148,-94.29966735839844
1767446256.346379,963263,-244.61903381347656
1767446268.1195297,964076,-135.48941040039062
1767446284.653269,965262,0.47981885075569153
1767446304.3455546,966641,-58.33925247192383
1767446391.4244914,972949,-138.6243133544922
1767446395.780912,973306,23.03261375427246
1767446400.721747,973642,-31.263521194458008
1767446432.553376,975670,-171.31216430664062
1767446484.212838,979405,-183.2828369140625
1767446499.1436605,980587,-111.7013168334961
1767446545.9579513,984746,-106.31352996826172
1767446551.9577239,985305,-166.46388244628906
1767446559.8882563,986057,-80.48690795898438
1767446573.444782,987415,-154.45236206054688
1767446582.0465314,988210,-103.07843780517578
1767446584.5823257,988464,-36.27886199951172
1767446596.7018466,989402,-47.10102081298828
1767446598.8765788,989639,-101.73235321044922
1767446613.3091142,990783,-38.6137580871582
1767446629.8880882,992251,-55.00910186767578
1767446642.687424,993530,-164.58306884765625
1767446651.940983,994363,-29.833620071411133
1767446688.0662951,998048,-273.97802734375
1767446692.246745,998455,-0.06211869418621063
1767446729.044121,1000318,-184.2882843017578
1767446737.7970107,1001082,-42.67975997924805
1767446751.0183635,1002378,-64.81745147705078
1767446779.7382724,1005277,-235.5645294189453
1767446784.256243,1005638,-13.580657958984375
1767446796.3366106,1006777,-241.1066131591797
1767446809.9874628,1007829,-57.78746795654297
1767446816.0538278,1008325,-56.592796325683594
1767446848.872542,1011254,-103.8755874633789
1767446893.6408627,1015463,-21.328350067138672
1767446914.595079,1017399,-21.41336441040039
1767446931.469366,1018917,-46.342872619628906
1767446978.0469887,1023033,-107.83353424072266
1767446981.9233582,1023406,-70.62024688720703
1767446984.8610635,1023623,-391.6596984863281
1767446993.0504587,1024211,35.79004669189453
1767447004.5878158,1025261,-138.40127563476562
1767447048.9196086,1028947,-274.9184265136719
1767447081.6314583,1031290,-456.7438049316406
1767447084.8059316,1031517,-6.696547985076904
1767447121.2878923,1034358,-187.68057250976562
1767447199.653239,1040122,-290.3416442871094
1767447203.9657826,1040430,-54.767425537109375
1767447271.4805822,1045483,-53.37922286987305
1767447281.923645,1046231,-97.53248596191406
1767447290.2662535,1046827,-426.9651794433594
1767447306.256018,1047979,-252.57847595214844
1767447316.5258293,1048710,19.88753890991211
1767447321.265968,1049054,-315.12615966796875
1767447358.2965028,1051711,-485.5502014160156
1767447378.8140974,1053194,8.23729133605957
1767447412.730861,1055620,-3.4871554374694824
1767447444.0497248,1058015,-111.24324035644531
1767447493.762016,1061769,-184.74266052246094
1767447499.1343734,1062153,-73.71060943603516
1767447516.942236,1063425,-120.22530364990234
1767447560.6809995,1066551,-78.79605102539062
1767447573.9433506,1067498,-55.968502044677734
1767447594.0163846,1068915,-129.01156616210938
1767447598.4343581,1069233,-295.3833312988281
1767447627.963096,1071520,-108.04479217529297
1767447654.0022666,1073373,232.9645538330078
1767447702.041268,1077229,-478.7511901855469
1767447752.7599347,1081564,-121.77149963378906
1767447761.2263281,1082379,-294.163330078125
1767447776.7979255,1083856,9.955179214477539
1767447837.1111565,1088996,-123.95675659179688
1767447839.3364203,1089238,-95.50484466552734
1767447855.8956468,1090740,-499.5709228515625
1767447888.795699,1093944,4.70039701461792
1767447906.7634609,1095470,-72.52098083496094
1767447923.1957111,1096661,-423.5170593261719
1767447931.697932,1097494,-44.205745697021484
1767447957.6532393,1099806,-145.26455688476562
1767447971.076367,1101113,-227.38572692871094
1767447987.884474,1102583,-323.54656982421875
1767448041.5290804,1107811,-315.2718505859375
1767448063.2993813,1109863,-248.31271362304688
1767448076.2966864,1111057,-55.888885498046875
1767448093.6823144,1112558,-123.07778930664062
1767448097.5864353,1112891,-39.07456588745117
1767448126.246896,1115224,-57.585899353027344
1767448150.0075548,1117108,-20.825298309326172
1767448157.933963,1117739,-137.87728881835938
1767448180.5830233,1119530,-39.23048400878906
1767448184.8484318,1119866,-92.9291763305664
1767448186.6996663,1120051,-194.5621337890625
1767448303.1145923,1130654,-173.54290771484375
1767448312.9277172,1131424,-474.4236145019531
1767448316.4038382,1131698,-58.470767974853516
1767448352.0924652,1134714,33.67896270751953
1767448546.9377165,1152129,-57.827125549316406
1767448571.4383988,1154329,-198.6569061279297
1767448572.5511389,1154451,-203.47471618652344
1767448579.534892,1155180,-329.942138671875
1767448583.9906318,1155629,-595.9111938476562
1767448595.9006367,1156837,-108.98047637939453
1767448597.8296568,1157045,-38.17000198364258
1767448601.49497,1157438,-259.3533630371094
1767448661.5546646,1163173,-117.08795166015625
1767448674.298218,1164392,50.61555480957031
1767448681.8952904,1165134,-18.91927719116211
1767448703.065311,1167152,28.525859832763672
1767448725.0396135,1169189,-21.524507522583008
1767448749.1049626,1171408,17.9362735748291
1767448755.4626033,1172051,-369.32354736328125
1767448757.4015026,1172224,50.59001922607422
1767448794.7386756,1175760,-50.66531753540039
1767448837.635568,1179460,-25.485734939575195
1767448866.6301491,1181688,69.56523132324219
1767448876.894652,1182619,-23.337007522583008
1767448895.3922272,1184361,-36.435176849365234
1767448898.634471,1184655,-32.28963088989258
1767448917.5970118,1186550,-111.0895004272461
1767448926.046708,1187355,-142.86502075195312
1767448936.8366115,1188366,-315.7957763671875
1767448948.6462464,1189547,-529.1458129882812
1767449018.8650851,1196931,-196.35755920410156
1767449037.2916305,1198945,-229.23037719726562
1767449095.5179114,1203089,-47.223731994628906
1767449109.2248483,1204595,-173.6718292236328
1767449122.651237,1206037,-89.37850952148438
1767449129.481485,1206702,-708.10546875
1767449132.0109975,1206916,-345.27960205078125
1767449183.5546985,1211763,-416.2423400878906
1767449184.4564178,1211843,-30.018903732299805
1767449189.5715046,1212350,-251.92742919921875
1767449199.3728538,1213311,-15.991345405578613
1767449278.3283958,1220956,-13.415373802185059
1767449290.2863393,1222200,-216.26461791992188
1767449297.9076443,1222990,-45.15071487426758
1767449303.4352126,1223586,-304.9399719238281
1767449328.769387,1225930,-178.64544677734375
1767449332.5386775,1226336,5.754010200500488
1767449371.7993035,1230199,-297.3198547363281
1767449373.0159028,1230329,-3.2453360557556152
1767449409.2085083,1234044,-17.72248077392578
1767449410.540762,1234157,-81.24669647216797
1767449415.1619246,1234556,-125.33074951171875
1767449439.5548546,1236883,-365.3631591796875
1767449455.2693024,1238380,-23.16478157043457
1767449462.0044293,1239103,-234.59043884277344
1767449465.6210186,1239496,-2.2324140071868896
1767449494.2033737,1242498,41.521873474121094
1767449519.0050664,1244989,-41.38592529296875
1767449526.2022042,1245678,-24.553970336914062
1767449559.948043,1249007,-101.50691986083984
1767449565.3152738,1249570,2.1564958095550537
1767449569.027832,1249944,-5.069572925567627
1767449574.3827062,1250385,-24.680816650390625
1767449595.9183586,1252470,-101.45181274414062
1767449640.5311563,1256431,-27.400693893432617
1767449679.8327882,1260247,-198.1478729248047
1767449702.235558,1262357,-200.6082305908203
1767449719.3713763,1263793,-333.36322021484375
1767449735.2306817,1265334,-41.79150390625
1767449741.3887377,1265985,-184.51318359375
1767449757.8131382,1267692,-45.299949645996094
1767449760.9466188,1267961,-176.40744018554688
1767449762.645864,1268093,-135.67762756347656
1767449790.1648066,1270545,-47.26004409790039
1767449858.3131332,1276387,-79.39029693603516
1767449872.2761536,1277620,-205.5592498779297
1767449915.159313,1281488,-175.6189727783203
1767449927.6301184,1282679,-40.175472259521484
1767449939.8061104,1283854,-130.62245178222656
1767449950.0733325,1284888,14.522377014160156
1767449953.3281531,1285150,-43.13768005371094
1767449972.197573,1287021,-2.265611410140991
1767449991.1112833,1288586,-97.52526092529297
1767449994.6560736,1288945,-152.34437561035156
1767449999.4404778,1289348,-139.62249755859375
1767450005.9716809,1289863,-281.59796142578125
1767450023.5352755,1291538,-149.34124755859375
1767450036.3283782,1292807,-40.93396759033203
1767450055.9794452,1294715,-570.9365844726562
1767450063.6652036,1295313,-6.176000118255615
1767450072.4676871,1295918,-116.93772888183594
1767450086.318653,1297109,-266.62646484375
1767450097.4956937,1298130,-251.43716430664062
1767450100.5783403,1298462,-412.2061462402344
1767450108.9382524,1299134,-102.5418472290039
1767450198.2740648,1306499,-61.60551452636719
1767450235.5537977,1309832,-6.868452548980713
1767450286.499095,1313968,-212.25643920898438
1767450294.3857532,1314526,-264.094970703125
1767450328.1070313,1317655,2.7131495475769043
1767450333.366401,1318095,-31.251869201660156
1767450336.1409554,1318397,-7.197259902954102
1767450337.6795886,1318555,-181.6500244140625
1767450384.881676,1322643,-741.2523803710938
1767450448.743523,1328195,-4.706992149353027
1767450455.8886485,1328724,32.95745849609375
1767450485.9435515,1331041,-6.431506156921387
1767450502.822257,1332283,-650.4988403320312
1767450521.2860925,1333681,-41.897605895996094
1767450527.5168133,1334157,-27.3192195892334
1767450533.318568,1334605,-12.039623260498047
1767450535.0999885,1334744,-75.15803527832031
1767450566.1811683,1337121,-427.4997863769531
1767450584.014271,1338485,-101.0985107421875
1767450637.3188975,1342560,-45.28589630126953
1767450650.9490354,1343599,-58.50169372558594
1767450660.74975,1344349,-155.23756408691406
1767450675.761814,1345500,53.76057815551758
1767450707.2801135,1347851,-291.5362854003906
1767450712.0346804,1348205,-90.56829071044922
1767450722.8694298,1349024,-383.1383361816406
1767450742.9839926,1350973,-44.846126556396484
1767450782.5589583,1354656,-98.51628875732422
1767450818.899164,1357800,-75.72774505615234
1767450835.305866,1359491,-133.62754821777344
1767450843.9188967,1360364,-66.75137329101562
1767450845.1119983,1360484,-28.04945945739746
1767450857.987542,1361558,-13.284467697143555
1767450894.8551128,1364872,-269.714111328125
1767450899.8162308,1365310,6.607024192810059
1767450907.9162726,1366123,36.033416748046875
1767450971.4795392,1371533,-43.668556213378906
1767450983.4667714,1372535,-68.25363159179688
1767451012.422469,1375195,-149.4701385498047
1767451018.7130437,1375695,-239.796142578125
1767451056.6230197,1379138,45.751426696777344
1767451072.8044014,1380675,-406.4897766113281
1767451136.5377407,1385640,-47.95643615722656
1767451142.6169446,1386178,-8.43281364440918
1767451143.888337,1386307,-62.288185119628906
1767451153.2202115,1387110,0.9874507188796997
1767451154.7308662,1387260,-146.6365203857422
1767451168.2381747,1388529,-37.122520446777344
1767451213.0637486,1392547,12.419686317443848
1767451261.7287552,1396892,15.799518585205078
1767451291.793584,1399621,-15.424848556518555
1767451339.9272335,1402934,-37.02741622924805
1767451358.342524,1404772,-332.7691955566406
1767451403.8481896,1408768,-203.46206665039062
1767451409.498692,1409353,-11.255807876586914
1767451430.659092,1411259,67.45661163330078
1767451433.3571365,1411484,-77.58641815185547
1767451438.1017756,1411974,-245.7819366455078
1767451470.1498284,1415094,-85.2694320678711
1767451484.8526442,1416529,-35.49298858642578
1767451525.7603588,1420341,-249.16993713378906
1767451528.3910115,1420624,-47.99845886230469
1767451553.528919,1423152,-283.5734558105469
1767451562.724731,1424054,-452.7562255859375
1767451588.5391746,1426699,-62.0083122253418
1767451591.6341403,1426992,-47.634220123291016
1767451595.2228832,1427281,17.75927734375
1767451606.6474543,1428182,-121.7892074584961
1767451661.3888547,1433278,70.5313949584961
1767451682.4613047,1434939,27.79579734802246
1767451698.216579,1436235,-195.5345001220703
1767451704.1914673,1436781,-40.9434928894043
1767451717.5908744,1438012,-35.44503402709961
1767451724.9190845,1438738,-188.0959014892578
1767451732.46791,1439484,-78.5048599243164
1767451739.1080723,1440165,-202.48226928710938
1767451742.1333237,1440489,-13.814129829406738
1767451768.0967236,1443117,-79.4095458984375
1767451792.7716484,1445205,-294.89892578125
1767451808.632092,1446673,-186.127685546875
1767451853.0504441,1450804,46.8382682800293
1767451861.6055562,1451732,-121.25960540771484
1767451863.9994783,1451987,-67.67623138427734
1767451903.9210322,1455566,-104.69041442871094
1767451911.042361,1456151,-153.86949157714844
1767451925.4347985,1457321,-565.4109497070312
1767451951.0472884,1459610,-244.30935668945312
1767451961.0245278,1460545,-270.6524963378906
1767451980.60281,1462483,-184.5640106201172
1767451998.86694,1464109,-520.511474609375
1767452032.7189617,1467284,-120.61239624023438
1767452064.0218523,1470167,-321.39581298828125
1767452068.3775668,1470509,-15.43350601196289
1767452082.4019337,1471643,-220.6963653564453
1767452109.6781929,1474137,-19.10228729248047
1767452115.4279454,1474732,-2.7552602291107178
1767452202.7750359,1482733,-422.19842529296875
1767452210.2632341,1483407,-284.8535461425781
1767452222.8431923,1484707,-104.82611083984375
1767452253.9388618,1487777,-157.7108612060547
1767452278.0524926,1489830,-16.962499618530273
1767452298.124803,1491644,-120.17388916015625
1767452315.0134215,1493219,-289.7650146484375
1767452344.250977,1495943,-72.59185791015625
1767452351.59306,1496604,-24.510177612304688
1767452360.4636505,1497362,-78.85424041748047
1767452380.806057,1498986,-573.9885864257812
1767452396.4218488,1500365,2.7358436584472656
1767452421.4462066,1502650,47.386016845703125
1767452423.7373016,1502881,-16.36935806274414
1767452468.5117898,1507008,-140.73101806640625
1767452474.141223,1507537,-393.0828552246094
1767452491.6046567,1509137,-249.05674743652344
1767452528.2133043,1512604,-169.1800537109375
1767452553.254384,1515022,-238.3297882080078
1767452555.7015488,1515279,-277.6406555175781
1767452572.028434,1516798,-48.67338943481445
1767452603.3835032,1519714,-108.03292846679688
1767452632.031878,1522330,-314.0509033203125
1767452635.2318032,1522655,-18.0230770111084
1767452641.4292698,1523204,30.73650360107422
1767452655.7156212,1524606,-542.7891235351562
1767452674.6471398,1526323,-48.04677200317383
1767452702.483233,1528631,22.021656036376953
1767452705.9304266,1528900,-245.2143096923828
1767452737.1225653,1531474,-300.8683776855469
1767452744.1616147,1532137,-153.81268310546875
1767452745.010691,1532225,-423.5817565917969
1767452788.9157424,1536303,-50.83331298828125
1767452799.263917,1537344,-221.97109985351562
1767452804.7262104,1537817,-29.08680534362793
1767452812.0144424,1538503,-21.35751724243164
1767452832.047877,1540096,-158.0644073486328
1767452892.120527,1545366,-73.13182830810547
1767452948.5222778,1550134,-40.26227569580078
1767452962.4896796,1551248,-60.40996170043945
1767452989.5463972,1553380,-3.9476544857025146
1767453009.94833,1555091,27.728015899658203
1767453010.99832,1555202,-81.69142150878906
1767453012.26082,1555331,-22.598766326904297
1767453025.412819,1556599,-105.41923522949219
1767453033.013058,1557335,-52.390953063964844
1767453079.6940887,1561414,-194.87350463867188
1767453117.425805,1565017,-257.4447021484375
1767453118.7442918,1565155,-642.6846313476562
1767453129.20309,1566177,41.7379150390625
1767453140.8015127,1567183,4.597702980041504
1767453158.3489528,1568624,-23.36484146118164
1767453178.14476,1570224,-0.06706148386001587
1767453182.5358517,1570569,-211.91207885742188
1767453212.9306915,1573014,-30.336257934570312
1767453226.4989815,1574247,-123.8617172241211
1767453230.7266512,1574600,-487.7951354980469
1767453246.048178,1575838,-70.23429870605469
1767453251.8476527,1576399,64.83670806884766
1767453257.2316742,1576887,-20.20987319946289
1767453288.9644237,1579359,-209.49720764160156
1767453293.3115506,1579701,-76.77812957763672
1767453300.63237,1580259,-240.03433227539062
1767453392.3336582,1588698,-500.77392578125
1767453402.3438675,1589655,-40.36042785644531
1767453410.9001477,1590498,-37.397579193115234
1767453413.8365102,1590815,-34.94057846069336
1767453469.2735624,1595866,-361.3517150878906
1767453491.4315972,1597675,-249.29867553710938
1767453494.1218944,1597955,-43.35739517211914
1767453501.3238626,1598603,-109.16656494140625
1767453517.0255206,1599837,-510.9779052734375
1767453551.1270273,1601808,-104.9774169921875
1767453566.2013474,1603061,-226.1340789794922
1767453580.2136703,1604270,9.555667877197266
1767453594.8471384,1605588,-50.11557388305664
1767453614.495871,1607233,-334.5009460449219
1767453649.1217816,1610009,-30.706674575805664
1767453669.6508093,1611612,-7.206996917724609
1767453715.0353675,1615323,-80.73809814453125
1767453774.150574,1620236,-54.41933822631836
1767453780.139688,1620700,-151.9296112060547
1767453795.5866132,1622139,113.83535766601562
1767453798.025401,1622358,-21.189050674438477
1767453823.5497499,1624529,-657.3096923828125
1767453871.378507,1628339,-193.47447204589844
1767453894.5909557,1630375,-88.77181243896484
1767453918.677769,1632518,-197.53233337402344
1767453932.4835448,1633758,-216.32164001464844
1767453947.6855626,1635123,-24.554401397705078
1767453998.491683,1639486,-536.2760009765625
1767454074.247263,1645651,-38.27045822143555
1767454143.8073938,1651083,-146.92706298828125
1767454158.4316387,1652326,-539.26806640625
1767454170.2383306,1653346,-449.6215515136719
1767454209.8845131,1656598,-109.0406265258789
1767454231.3423512,1658533,-316.3298645019531
1767454240.4621422,1659347,-236.9834442138672
1767454257.9901283,1660962,-81.49008178710938
1767454259.628082,1661123,-260.17071533203125
1767454270.127569,1662163,-41.57276916503906
1767454295.847901,1664580,-476.6257019042969
1767454299.3784726,1664861,-9.599638938903809
1767454321.946096,1666900,-102.67603302001953
1767454323.8726728,1667050,-48.832088470458984
1767454325.678244,1667239,-220.99867248535156
1767454342.9440422,1669003,-262.39031982421875
1767454350.440829,1669750,-351.87286376953125
1767454386.6337311,1673193,-123.0910415649414
1767454437.993165,1678122,21.76647186279297
1767454450.1740134,1679208,1.1085325479507446
1767454456.7715945,1679701,-88.18193817138672
1767454461.0695221,1680025,-285.0069580078125
1767454469.8793604,1680680,-75.22229766845703
1767454490.3049555,1682388,-184.1095733642578
1767454491.7899115,1682541,-177.81149291992188
1767454525.9130838,1685409,23.807619094848633
1767454532.7796614,1685914,-24.077552795410156
1767454560.639961,1688112,38.37800979614258
1767454573.699369,1689200,-109.75861358642578
1767454661.5049787,1696549,22.675352096557617
1767454682.214871,1698292,-74.8475341796875
1767454689.266097,1698825,-45.146976470947266
1767454695.739675,1699319,12.566909790039062
1767454712.4405735,1700707,-46.05280303955078
1767454718.3789155,1701154,-16.559226989746094
1767454732.5789013,1702194,-4.520725250244141
1767454738.7900138,1702643,-160.9036102294922
1767454756.6689208,1703965,1.6901466846466064
1767454776.2981114,1705419,-21.095964431762695
1767454801.5969973,1707474,47.14091873168945
1767454812.9727738,1708330,-209.64431762695312
1767454828.0522163,1709459,-64.14674377441406
1767454846.4681616,1710956,-128.80308532714844
1767454847.9606903,1711071,-124.66986083984375
1767454873.9746866,1713119,41.914337158203125
1767454890.4726658,1714316,-123.90450286865234
1767454909.8934884,1715756,-284.16094970703125
1767454920.2176523,1716688,27.897722244262695
1767454938.7864528,1718334,-58.18423843383789
1767454962.6017017,1720374,-398.5292663574219
1767455001.1660357,1723568,-175.33026123046875
1767455074.5662615,1729508,-55.31524658203125
1767455108.680917,1732294,-71.67973327636719
1767455127.8049188,1733723,-22.51165008544922
1767455152.5564983,1735546,-207.030517578125
1767455172.2840142,1737036,-104.84966278076172
1767455180.7763896,1737674,-70.28112030029297
1767455197.2955449,1739054,-93.94026184082031
1767455209.5834594,1740113,-306.3365173339844
1767455211.7769313,1740284,-35.473384857177734
1767455246.257913,1743379,43.33133316040039
1767455264.0660608,1744875,-228.50328063964844
1767455273.0545027,1745715,-57.702205657958984
1767455293.3946624,1747570,-236.55299377441406
1767455299.6288807,1748136,-45.16389846801758
1767455309.0129497,1749003,-429.2657165527344
1767455327.7505221,1750538,-196.0530242919922
1767455348.8203943,1752429,-11.494921684265137
1767455354.2211885,1752914,-34.42115020751953
1767455386.9555712,1755566,-23.96430778503418
1767455402.5628874,1756743,-17.144268035888672
1767455422.808393,1758284,-439.3490295410156
1767455430.1229317,1758923,23.86469841003418
1767455446.664259,1760151,-37.68257141113281
1767455508.7726042,1764832,-221.03289794921875
1767455512.4525802,1765110,-43.847015380859375
1767455567.0602386,1769438,6.99785852432251
1767455578.8415158,1770465,-34.14145278930664
1767455586.7491884,1771158,3.2396390438079834
1767455625.9023073,1774409,-184.02767944335938
1767455633.4912033,1774985,-45.42600631713867
1767455644.5831132,1776034,-5.026345252990723
1767455663.231532,1777724,-214.41294860839844
1767455708.9267263,1781384,-64.26783752441406
1767455734.692616,1783405,-172.48300170898438
1767455777.033656,1786538,8.42794132232666
1767455816.8998442,1789606,-28.50819206237793
1767455848.1442163,1791961,-210.500732421875
1767455867.8146396,1793525,-281.67877197265625
1767455892.8989086,1795554,-261.9166259765625
1767455895.155382,1795718,28.916889190673828
1767455901.642757,1796340,-162.05555725097656
1767455908.237156,1796949,-81.83466339111328
1767455941.0706153,1799702,-245.96426391601562
1767455976.7551844,1800506,-46.31973648071289
1767456007.1791332,1803244,-45.74516296386719
1767456041.381026,1806310,-128.0147705078125
1767456042.666284,1806435,-55.39872741699219
1767456058.1701486,1807614,37.65742111206055
1767456077.6665907,1809191,-58.73996353149414
1767456102.3668764,1811172,-264.42242431640625
1767456113.7061079,1812047,32.26263427734375
1767456137.1740048,1813761,-278.9543151855469
1767456141.6091647,1814083,5.152881622314453
1767456178.489387,1816790,-246.34112548828125
1767456187.0889997,1817433,-44.636131286621094
1767456188.300703,1817527,-187.5225830078125
1767456245.4026458,1821807,-38.134639739990234
1767456251.716892,1822284,-237.5915985107422
1767456280.6641712,1824501,-342.92919921875
1767456322.4256773,1827995,-321.43719482421875
1767456352.4086435,1830552,-195.46359252929688
1767456359.5337536,1831122,-224.9765167236328
1767456378.4791534,1832897,24.88067626953125
1767456426.366855,1837080,-27.753150939941406
1767456461.6511354,1840228,-53.80403137207031
1767456468.1196887,1840803,-10.770355224609375
1767456519.7577057,1844680,-302.4359436035156
1767456544.8894925,1846666,-220.6123046875
1767456545.888169,1846746,-123.258544921875
1767456560.1711311,1847796,-33.39547348022461
1767456562.8959918,1847999,34.8092155456543
1767456577.7324398,1849206,-47.66390609741211
1767456582.8984694,1849631,-160.63839721679688
1767456592.6817973,1850354,-93.18461608886719
1767456598.0049815,1850759,-113.37793731689453
1767456600.743106,1850958,-39.14137649536133
1767456652.5785053,1855110,-86.57293701171875
1767456674.2733285,1856800,-22.549701690673828
1767456675.9381032,1856965,30.801912307739258
1767456686.3017616,1857746,-120.19239044189453
1767456691.657408,1858144,-413.8974914550781
1767456721.272966,1860446,-34.48435974121094
1767456738.7894006,1861875,7.0565056800842285
1767456744.5981114,1862393,-105.26100158691406
1767456803.527151,1867325,-154.94827270507812
1767456805.0896206,1867450,-109.07937622070312
1767456831.5877407,1869846,-49.65502166748047
1767456842.5232205,1870890,5.651182651519775
1767456850.3910716,1871536,-235.22154235839844
1767456854.9097419,1871956,-93.19405364990234
1767456880.0957866,1874144,-59.32027053833008
1767456882.2675745,1874309,-403.2065124511719
1767456884.3209271,1874465,11.941631317138672
1767456887.8938696,1874758,-83.09819030761719
1767456899.094076,1875664,-57.416351318359375
1767456910.4241612,1876509,-12.721634864807129
1767456921.5585945,1877324,-47.665428161621094
1767456928.3656223,1877821,-5.034605503082275
1767456984.0888724,1882087,26.206926345825195
1767457000.1402814,1883291,20.374252319335938
1767457003.128727,1883518,-0.7757280468940735
1767457021.7147489,1884905,-30.201547622680664
1767457035.2579086,1885921,-74.4771728515625
1767457051.6665561,1887155,-343.4611511230469
1767457074.4380178,1888867,-174.83181762695312
1767457089.3494875,1889984,317.87274169921875
1767457112.949689,1892088,14.013992309570312
1767457158.3446486,1896176,-173.54412841796875
1767457179.2017438,1897920,-88.18508911132812
1767457232.8995292,1902593,-342.02587890625
1767457252.212801,1904407,26.054964065551758
1767457264.9895382,1905544,-206.73956298828125
1767457270.5723572,1906058,-226.7454071044922
1767457366.8481927,1913861,-107.30396270751953
1767457370.1741703,1914114,-81.18596649169922
1767457414.9571302,1917438,-27.871753692626953
1767457419.280766,1917750,18.117929458618164
1767457445.4103963,1919725,-18.72690200805664
1767457466.3807173,1921294,106.8832778930664
1767457471.713603,1921717,-364.213134765625
1767457499.8083408,1924007,-234.23536682128906
1767457513.431897,1925030,-275.9585876464844
1767457518.2691398,1925400,-88.23365783691406
1767457532.262737,1926493,-97.4120101928711
1767457579.3346748,1930721,-31.82601547241211
1767457586.4774082,1931291,-234.20745849609375
1767457588.1491773,1931423,-6.502519607543945
1767457607.4067209,1933071,-45.91240310668945
1767457613.7703278,1933558,54.05438232421875
1767457616.8375268,1933778,-249.40895080566406
1767457623.2872403,1934279,-95.02703094482422
1767457653.7393322,1936917,24.35671043395996
1767457663.249143,1937773,-16.016632080078125
1767457696.6345184,1940685,-10.772014617919922
1767457702.7283595,1941158,-15.275457382202148
1767457761.6229115,1945962,225.13873291015625
1767457784.4738035,1947773,-343.3059997558594
1767457821.2631834,1950929,-38.449764251708984
1767457823.9932845,1951150,-14.139137268066406
1767457857.058617,1953920,-18.511157989501953
1767457930.6074293,1959744,-2.2817575931549072
1767457943.6463807,1960802,-272.89422607421875
1767457981.771514,1964086,-34.18239212036133
1767458032.546429,1968127,12.994083404541016
1767458046.7076302,1969293,-55.12961196899414
1767458051.8373246,1969707,-285.2742614746094
1767458107.276323,1974197,-13.61860179901123
1767458111.4900484,1974619,249.94859313964844
1767458121.7502272,1975440,19.938831329345703
1767458133.2255,1976507,-32.283687591552734
1767458190.6247153,1982060,-359.31512451171875
1767458210.8931546,1983966,-108.38846588134766
1767458221.4818199,1984966,-8.616186141967773
1767458349.4880736,1995974,0.8450716137886047
1767458368.1928334,1997593,41.7064094543457
1767458387.7873015,1999314,18.717844009399414
1767458393.898987,1999862,200.48622131347656
